[
  {
    "id": "94df3619-4fe6-4ad3-82b0-ac72c160235c",
    "data": [
      {
        "text": "tnks",
        "userDefined": false
      }
    ],
    "isTemplate": false,
    "count": 0,
    "updated": 0
  },
  {
    "id": "9a40cb8c-a302-4de1-b06e-6902f9f5d576",
    "data": [
      {
        "text": "ty",
        "userDefined": false
      }
    ],
    "isTemplate": false,
    "count": 0,
    "updated": 0
  },
  {
    "id": "cb9423e8-a43e-47f8-8f86-c190016734b4",
    "data": [
      {
        "text": "tenks",
        "userDefined": false
      }
    ],
    "isTemplate": false,
    "count": 0,
    "updated": 0
  },
  {
    "id": "04fcc655-d842-47e0-8359-76ef57762879",
    "data": [
      {
        "text": "You\u0027re the best",
        "userDefined": false
      }
    ],
    "isTemplate": false,
    "count": 0,
    "updated": 0
  },
  {
    "id": "39f32261-4ec2-4327-a3bb-7224a84c51d7",
    "data": [
      {
        "text": "Thanks so much",
        "userDefined": false
      }
    ],
    "isTemplate": false,
    "count": 0,
    "updated": 0
  },
  {
    "id": "103676c1-2c46-4ef1-88da-9574b7b30504",
    "data": [
      {
        "text": "thanks",
        "userDefined": false
      }
    ],
    "isTemplate": false,
    "count": 0,
    "updated": 0
  },
  {
    "id": "9d7e1d1f-25a2-408c-b9d2-48aa5a863c6b",
    "data": [
      {
        "text": "That\u0027ll be all.",
        "userDefined": false
      }
    ],
    "isTemplate": false,
    "count": 0,
    "updated": 0
  },
  {
    "id": "b2e60f20-fe6a-4568-98d7-0313a7143b02",
    "data": [
      {
        "text": "See you later",
        "userDefined": false
      }
    ],
    "isTemplate": false,
    "count": 0,
    "updated": 0
  },
  {
    "id": "90d99584-e5d5-4af0-8898-f21d665c5f97",
    "data": [
      {
        "text": "Until next time",
        "userDefined": false
      }
    ],
    "isTemplate": false,
    "count": 0,
    "updated": 0
  },
  {
    "id": "11e97c1f-6a20-4d6b-8dcb-eaf68b41e156",
    "data": [
      {
        "text": "I appreciate it",
        "userDefined": false
      }
    ],
    "isTemplate": false,
    "count": 0,
    "updated": 0
  },
  {
    "id": "bd9ec443-edab-47e9-ba1d-a3b9253f91e8",
    "data": [
      {
        "text": "Cheers!",
        "userDefined": false
      }
    ],
    "isTemplate": false,
    "count": 0,
    "updated": 0
  },
  {
    "id": "f2088e44-68e0-4dcb-bcc8-7b40a8e4c122",
    "data": [
      {
        "text": "bye",
        "userDefined": false
      }
    ],
    "isTemplate": false,
    "count": 0,
    "updated": 0
  },
  {
    "id": "0835cc65-ea3f-41fb-be87-f6cd8ff347c6",
    "data": [
      {
        "text": "Goodbye",
        "userDefined": false
      }
    ],
    "isTemplate": false,
    "count": 0,
    "updated": 0
  },
  {
    "id": "a489a5b1-28ff-43cb-9e56-5255d18373c6",
    "data": [
      {
        "text": "Okay, bye",
        "userDefined": false
      }
    ],
    "isTemplate": false,
    "count": 0,
    "updated": 0
  },
  {
    "id": "ae873741-0681-40f1-ae11-0fb71ff5859a",
    "data": [
      {
        "text": "Until then",
        "userDefined": false
      }
    ],
    "isTemplate": false,
    "count": 0,
    "updated": 0
  },
  {
    "id": "6dae5f3c-c1c0-4527-84a0-daa1cf403c30",
    "data": [
      {
        "text": "See you then",
        "userDefined": false
      }
    ],
    "isTemplate": false,
    "count": 1,
    "updated": 0
  },
  {
    "id": "85488c59-6c02-465b-9734-bbb72fdb248c",
    "data": [
      {
        "text": "Okay, thanks",
        "userDefined": false
      }
    ],
    "isTemplate": false,
    "count": 0,
    "updated": 0
  },
  {
    "id": "d1deb64f-717b-43c7-9bb6-07fccead13a2",
    "data": [
      {
        "text": "Thank you!",
        "userDefined": false
      }
    ],
    "isTemplate": false,
    "count": 0,
    "updated": 0
  },
  {
    "id": "e0dfc682-4c45-4bfc-b26c-8f0a2b84158e",
    "data": [
      {
        "text": "Alright, great!",
        "userDefined": false
      }
    ],
    "isTemplate": false,
    "count": 0,
    "updated": 0
  }
]