[
  {
    "id": "a37404e6-cefa-4ea9-95cd-42ed10f25a86",
    "data": [
      {
        "text": "exit",
        "userDefined": false
      }
    ],
    "isTemplate": false,
    "count": 1,
    "updated": 0
  },
  {
    "id": "5de0c529-bf0f-4dae-aad4-dbfb4141d616",
    "data": [
      {
        "text": "cancel",
        "userDefined": false
      }
    ],
    "isTemplate": false,
    "count": 0,
    "updated": 0
  },
  {
    "id": "998b89af-e5bc-4734-907a-76b3aa0932cf",
    "data": [
      {
        "text": "How are you doing",
        "userDefined": false
      }
    ],
    "isTemplate": false,
    "count": 0,
    "updated": 0
  }
]