[
  {
    "id": "cc20d042-2058-4d2a-9135-bb71f26cb7d8",
    "data": [
      {
        "text": "I want to say something.",
        "userDefined": false
      }
    ],
    "isTemplate": false,
    "count": 0,
    "updated": 0
  },
  {
    "id": "7cc8f12b-9e2a-4331-b63c-0dde8d9148c9",
    "data": [
      {
        "text": "I have something to say.",
        "userDefined": false
      }
    ],
    "isTemplate": false,
    "count": 0,
    "updated": 0
  },
  {
    "id": "02cfa3c3-3ab7-450f-98fc-52ba8a39ce68",
    "data": [
      {
        "text": "I want to talk about something.",
        "userDefined": false
      }
    ],
    "isTemplate": false,
    "count": 0,
    "updated": 0
  },
  {
    "id": "c1867abd-1e58-4632-a10c-4578edda607f",
    "data": [
      {
        "text": "Let\u0027s talk.",
        "userDefined": false
      }
    ],
    "isTemplate": false,
    "count": 0,
    "updated": 0
  },
  {
    "id": "3e73f18f-c19c-4d65-845d-f6d31b0af29e",
    "data": [
      {
        "text": "Let\u0027s have a talk.",
        "userDefined": false
      }
    ],
    "isTemplate": false,
    "count": 0,
    "updated": 0
  },
  {
    "id": "410855b4-ce9a-4310-8f28-d4660dc0f571",
    "data": [
      {
        "text": "Let\u0027s do some small talk.",
        "userDefined": false
      }
    ],
    "isTemplate": false,
    "count": 0,
    "updated": 0
  }
]