[
  {
    "id": "998e7702-afc5-4e86-a53e-594bc8000a11",
    "data": [
      {
        "text": "I wish to have a meeting ",
        "userDefined": false
      },
      {
        "text": "today",
        "meta": "@sys.ignore",
        "userDefined": false
      },
      {
        "text": ". I don\u0027t know the starting time but it lasts ",
        "userDefined": false
      },
      {
        "text": "until 14 pm",
        "alias": "to",
        "meta": "@sys.time",
        "userDefined": true
      },
      {
        "text": ".",
        "userDefined": false
      }
    ],
    "isTemplate": false,
    "count": 0,
    "updated": 0
  },
  {
    "id": "6af55998-f3ff-45df-b2c6-7153e9a05d40",
    "data": [
      {
        "text": "Can I have this room ",
        "userDefined": false
      },
      {
        "text": "at 13 pm",
        "alias": "from",
        "meta": "@sys.time",
        "userDefined": false
      },
      {
        "text": "?",
        "userDefined": false
      }
    ],
    "isTemplate": false,
    "count": 0,
    "updated": 0
  },
  {
    "id": "bd0660ea-6783-48bd-ac4a-eece4b1f3a85",
    "data": [
      {
        "text": "I have a meeting planned ",
        "userDefined": false
      },
      {
        "text": "until 10am",
        "alias": "to",
        "meta": "@sys.time",
        "userDefined": false
      },
      {
        "text": ".",
        "userDefined": false
      }
    ],
    "isTemplate": false,
    "count": 0,
    "updated": 0
  },
  {
    "id": "213cdff6-516b-4abd-b343-522f82f83fe3",
    "data": [
      {
        "text": "I need this room ",
        "userDefined": false
      },
      {
        "text": "at 9am",
        "alias": "from",
        "meta": "@sys.time",
        "userDefined": false
      },
      {
        "text": ".",
        "userDefined": false
      }
    ],
    "isTemplate": false,
    "count": 0,
    "updated": 0
  },
  {
    "id": "3164e28d-1ed3-4ad7-bf24-aa8b85ba16a9",
    "data": [
      {
        "text": "Can I reserve a room, please?",
        "userDefined": false
      }
    ],
    "isTemplate": false,
    "count": 0,
    "updated": 0
  },
  {
    "id": "d3dba407-f517-45cd-89dd-493796ce1857",
    "data": [
      {
        "text": "I want to reserve a room at ",
        "userDefined": false
      },
      {
        "text": "11 AM",
        "alias": "from",
        "meta": "@sys.time",
        "userDefined": true
      },
      {
        "text": ".",
        "userDefined": false
      }
    ],
    "isTemplate": false,
    "count": 0,
    "updated": 0
  },
  {
    "id": "8d870e3a-d2d1-4e2c-a9dd-56a2d3b58738",
    "data": [
      {
        "text": "I want to reserve this room until ",
        "userDefined": false
      },
      {
        "text": "10 AM",
        "alias": "to",
        "meta": "@sys.time",
        "userDefined": true
      },
      {
        "text": ".",
        "userDefined": false
      }
    ],
    "isTemplate": false,
    "count": 0,
    "updated": 0
  },
  {
    "id": "384d0af9-53e6-4085-b0f5-56dd928ab13c",
    "data": [
      {
        "text": "I need to have a meeting that will last ",
        "userDefined": false
      },
      {
        "text": "1 hour and 30 minutes",
        "alias": "duration",
        "meta": "@sys.duration",
        "userDefined": true
      },
      {
        "text": ".",
        "userDefined": false
      }
    ],
    "isTemplate": false,
    "count": 0,
    "updated": 0
  },
  {
    "id": "3f0ea90d-5c2e-4cce-8a0f-1ad441d15892",
    "data": [
      {
        "text": "I need a room for ",
        "userDefined": false
      },
      {
        "text": "2 hours",
        "alias": "duration",
        "meta": "@sys.duration",
        "userDefined": true
      },
      {
        "text": ".",
        "userDefined": false
      }
    ],
    "isTemplate": false,
    "count": 0,
    "updated": 0
  },
  {
    "id": "1856a51a-015a-4bc4-a4c3-6797260b7506",
    "data": [
      {
        "text": "Can I reserve a room for ",
        "userDefined": false
      },
      {
        "text": "30 minutes",
        "alias": "duration",
        "meta": "@sys.duration",
        "userDefined": true
      },
      {
        "text": "?",
        "userDefined": false
      }
    ],
    "isTemplate": false,
    "count": 0,
    "updated": 0
  },
  {
    "id": "d86044f2-0a4d-4a9d-b6de-02b882e664b7",
    "data": [
      {
        "text": "Do you have a room available at ",
        "userDefined": false
      },
      {
        "text": "9 AM",
        "alias": "from",
        "meta": "@sys.time",
        "userDefined": true
      },
      {
        "text": "?",
        "userDefined": false
      }
    ],
    "isTemplate": false,
    "count": 0,
    "updated": 0
  },
  {
    "id": "26385cbf-e983-45cd-bdb8-14392c9c3f87",
    "data": [
      {
        "text": "I\u0027d like a room at ",
        "userDefined": false
      },
      {
        "text": "9 AM",
        "alias": "from",
        "meta": "@sys.time",
        "userDefined": true
      },
      {
        "text": " that I\u0027ll be using for ",
        "userDefined": false
      },
      {
        "text": "30 minutes",
        "alias": "duration",
        "meta": "@sys.duration",
        "userDefined": true
      },
      {
        "text": ".",
        "userDefined": false
      }
    ],
    "isTemplate": false,
    "count": 0,
    "updated": 0
  },
  {
    "id": "1ef3d5cc-7181-4b7e-acad-e11093c8f488",
    "data": [
      {
        "text": "I need a room for about ",
        "userDefined": false
      },
      {
        "text": "60 minutes",
        "alias": "duration",
        "meta": "@sys.duration",
        "userDefined": true
      },
      {
        "text": ".",
        "userDefined": false
      }
    ],
    "isTemplate": false,
    "count": 0,
    "updated": 0
  },
  {
    "id": "fd215d17-ee39-4658-a84e-d26e6ccfe644",
    "data": [
      {
        "text": "I\u0027d love to reserve an empty room from ",
        "userDefined": false
      },
      {
        "text": "9",
        "alias": "from",
        "meta": "@sys.time",
        "userDefined": true
      },
      {
        "text": " to ",
        "userDefined": false
      },
      {
        "text": "10",
        "alias": "to",
        "meta": "@sys.time",
        "userDefined": true
      },
      {
        "text": ".",
        "userDefined": false
      }
    ],
    "isTemplate": false,
    "count": 0,
    "updated": 0
  },
  {
    "id": "6cef9891-2bc9-4be1-8be0-b5422fc267f1",
    "data": [
      {
        "text": "I\u0027m gonna have a meeting that starts at ",
        "userDefined": false
      },
      {
        "text": "9",
        "alias": "from",
        "meta": "@sys.time",
        "userDefined": true
      },
      {
        "text": " and ends at ",
        "userDefined": false
      },
      {
        "text": "10",
        "alias": "to",
        "meta": "@sys.time",
        "userDefined": true
      },
      {
        "text": ".",
        "userDefined": false
      }
    ],
    "isTemplate": false,
    "count": 0,
    "updated": 0
  },
  {
    "id": "f4323818-8a74-40fa-a2a3-a63049117e34",
    "data": [
      {
        "text": "I need a room from ",
        "userDefined": false
      },
      {
        "text": "9",
        "alias": "from",
        "meta": "@sys.time",
        "userDefined": true
      },
      {
        "text": " to ",
        "userDefined": false
      },
      {
        "text": "10",
        "alias": "to",
        "meta": "@sys.time",
        "userDefined": true
      },
      {
        "text": ".",
        "userDefined": false
      }
    ],
    "isTemplate": false,
    "count": 0,
    "updated": 0
  },
  {
    "id": "48faf0a5-53af-49b6-8f12-f73392c8d94c",
    "data": [
      {
        "text": "I\u0027m gonna need an available room at ",
        "userDefined": false
      },
      {
        "text": "9 o\u0027clock",
        "alias": "from",
        "meta": "@sys.time",
        "userDefined": true
      },
      {
        "text": ".",
        "userDefined": false
      }
    ],
    "isTemplate": false,
    "count": 0,
    "updated": 0
  },
  {
    "id": "844597f9-3bdb-439f-bd74-6908b16ee3f4",
    "data": [
      {
        "text": "I wish to reserve a room at ",
        "userDefined": false
      },
      {
        "text": "9 o\u0027clock",
        "alias": "from",
        "meta": "@sys.time",
        "userDefined": true
      },
      {
        "text": ".",
        "userDefined": false
      }
    ],
    "isTemplate": false,
    "count": 0,
    "updated": 0
  },
  {
    "id": "15ca07c0-d1d7-4b12-8e8c-c9a39fee7550",
    "data": [
      {
        "text": "I could use a room.",
        "userDefined": false
      }
    ],
    "isTemplate": false,
    "count": 0,
    "updated": 0
  },
  {
    "id": "7b507476-9009-4ee7-8be4-ff250e593c15",
    "data": [
      {
        "text": "Help me reserve an empty room.",
        "userDefined": false
      }
    ],
    "isTemplate": false,
    "count": 0,
    "updated": 0
  },
  {
    "id": "f80b14e2-4845-4898-9c9b-90336756b251",
    "data": [
      {
        "text": "I need accomodations.",
        "userDefined": false
      }
    ],
    "isTemplate": false,
    "count": 0,
    "updated": 0
  },
  {
    "id": "626a3345-292f-4336-ae09-9ea2a856bc6c",
    "data": [
      {
        "text": "I wish to arrange for a room.",
        "userDefined": false
      }
    ],
    "isTemplate": false,
    "count": 0,
    "updated": 0
  },
  {
    "id": "be2c6ff4-356e-4061-a16c-2c63bc90da80",
    "data": [
      {
        "text": "I need to have a meeting.",
        "userDefined": false
      }
    ],
    "isTemplate": false,
    "count": 0,
    "updated": 0
  },
  {
    "id": "9fd1f26c-9c84-4093-b234-b143cde3f387",
    "data": [
      {
        "text": "Occupy a room, please.",
        "userDefined": false
      }
    ],
    "isTemplate": false,
    "count": 0,
    "updated": 0
  },
  {
    "id": "6702a215-fab9-407f-b3ff-566611c52372",
    "data": [
      {
        "text": "I\u0027m gonna need an available room.",
        "userDefined": false
      }
    ],
    "isTemplate": false,
    "count": 0,
    "updated": 0
  },
  {
    "id": "d2da2fbc-0caa-41cd-80c4-0f2d6c60cfea",
    "data": [
      {
        "text": "I\u0027d like a room.",
        "userDefined": false
      }
    ],
    "isTemplate": false,
    "count": 0,
    "updated": 0
  },
  {
    "id": "3d034af0-1d7c-4c6d-af9a-d78da34cc738",
    "data": [
      {
        "text": "I want to reserve a room.",
        "userDefined": false
      }
    ],
    "isTemplate": false,
    "count": 0,
    "updated": 0
  }
]