[
  {
    "id": "cc830ea8-49de-4ca1-bf09-a48e9e552b3e",
    "data": [
      {
        "text": "Who created you?",
        "userDefined": false
      }
    ],
    "isTemplate": false,
    "count": 0,
    "updated": 0
  },
  {
    "id": "44a78f14-33d8-460f-aac9-c162254814fd",
    "data": [
      {
        "text": "Who is your creator?",
        "userDefined": false
      }
    ],
    "isTemplate": false,
    "count": 0,
    "updated": 0
  },
  {
    "id": "05631b56-99d2-43d8-b63b-65c9484d001a",
    "data": [
      {
        "text": "What is Rick?",
        "userDefined": false
      }
    ],
    "isTemplate": false,
    "count": 0,
    "updated": 0
  },
  {
    "id": "6b044107-9b32-4f6a-9cef-f7d6e67ceaa1",
    "data": [
      {
        "text": "Who is ",
        "userDefined": false
      },
      {
        "text": "Rick",
        "meta": "@sys.ignore",
        "userDefined": false
      },
      {
        "text": "?",
        "userDefined": false
      }
    ],
    "isTemplate": false,
    "count": 0,
    "updated": 0
  },
  {
    "id": "492fe63d-4aee-458d-bc19-355766baec76",
    "data": [
      {
        "text": "Who made you?",
        "userDefined": false
      }
    ],
    "isTemplate": false,
    "count": 1,
    "updated": 0
  }
]