[
  {
    "id": "a07f63c2-1013-42b8-99fe-a3a578f362c3",
    "data": [
      {
        "text": "Show me all reservations.",
        "userDefined": false
      }
    ],
    "isTemplate": false,
    "count": 0,
    "updated": 0
  },
  {
    "id": "c2d274f8-5a97-4e05-b3ec-2d52a64e29e2",
    "data": [
      {
        "text": "Show me your schedule.",
        "userDefined": false
      }
    ],
    "isTemplate": false,
    "count": 0,
    "updated": 0
  },
  {
    "id": "af69ef7a-335b-4750-a2c3-bda32bdabb31",
    "data": [
      {
        "text": "Are there any rooms free?",
        "userDefined": false
      }
    ],
    "isTemplate": false,
    "count": 0,
    "updated": 0
  },
  {
    "id": "2be969be-ea71-4e07-9ca8-cf1b409bc244",
    "data": [
      {
        "text": "Is this room available?",
        "userDefined": false
      }
    ],
    "isTemplate": false,
    "count": 0,
    "updated": 0
  },
  {
    "id": "127485e8-a59c-43e8-9e96-2f1ec8d61672",
    "data": [
      {
        "text": "Which time?",
        "userDefined": false
      }
    ],
    "isTemplate": false,
    "count": 0,
    "updated": 0
  },
  {
    "id": "3b11a43f-0a44-4519-9039-d331c43a66e1",
    "data": [
      {
        "text": "Which date?",
        "userDefined": false
      }
    ],
    "isTemplate": false,
    "count": 0,
    "updated": 0
  },
  {
    "id": "e8229b45-694b-4eb6-9a43-b3be6028130c",
    "data": [
      {
        "text": "What date?",
        "userDefined": false
      }
    ],
    "isTemplate": false,
    "count": 0,
    "updated": 0
  },
  {
    "id": "a2d6d961-3ad4-48c2-89e2-dedeb1514ba2",
    "data": [
      {
        "text": "What time?",
        "userDefined": false
      }
    ],
    "isTemplate": false,
    "count": 0,
    "updated": 0
  },
  {
    "id": "9ebbc806-47e8-4f73-a38c-03240a95265e",
    "data": [
      {
        "text": "What time  did I put the room at?",
        "userDefined": false
      }
    ],
    "isTemplate": false,
    "count": 0,
    "updated": 0
  },
  {
    "id": "0e47523b-7b03-4b33-9d4a-58c33a5616ae",
    "data": [
      {
        "text": "When did I reserve?",
        "userDefined": false
      }
    ],
    "isTemplate": false,
    "count": 0,
    "updated": 0
  }
]