[
  {
    "id": "551698fd-7b65-411a-8888-c6a0c31845d9",
    "data": [
      {
        "text": "Hey! My name is ",
        "userDefined": false
      },
      {
        "text": "Roy",
        "alias": "person",
        "meta": "@sys.person",
        "userDefined": false
      },
      {
        "text": ".",
        "userDefined": false
      }
    ],
    "isTemplate": false,
    "count": 0,
    "updated": 0
  },
  {
    "id": "cbe2b8f9-94ee-42bd-b4cb-54c81094091a",
    "data": [
      {
        "text": "Hello! I\u0027m ",
        "userDefined": false
      },
      {
        "text": "David",
        "alias": "person",
        "meta": "@sys.person",
        "userDefined": false
      },
      {
        "text": ".",
        "userDefined": false
      }
    ],
    "isTemplate": false,
    "count": 0,
    "updated": 0
  },
  {
    "id": "0232b106-d69c-4641-ab96-a932fc5e27eb",
    "data": [
      {
        "text": "Harry",
        "alias": "person",
        "meta": "@sys.person",
        "userDefined": false
      },
      {
        "text": " here.",
        "userDefined": false
      }
    ],
    "isTemplate": false,
    "count": 0,
    "updated": 0
  },
  {
    "id": "101e1f4e-3ef5-47a6-95ed-fe41a84ec183",
    "data": [
      {
        "text": "This is ",
        "userDefined": false
      },
      {
        "text": "Tim",
        "alias": "person",
        "meta": "@sys.person",
        "userDefined": false
      },
      {
        "text": ".",
        "userDefined": false
      }
    ],
    "isTemplate": false,
    "count": 0,
    "updated": 0
  },
  {
    "id": "eeb5307b-1bc3-41c4-b932-812fa620f2d3",
    "data": [
      {
        "text": "I am ",
        "userDefined": false
      },
      {
        "text": "Steve",
        "alias": "person",
        "meta": "@sys.person",
        "userDefined": false
      },
      {
        "text": ".",
        "userDefined": false
      }
    ],
    "isTemplate": false,
    "count": 0,
    "updated": 0
  },
  {
    "id": "9ae405bf-254a-4882-a9e6-a46de848706c",
    "data": [
      {
        "text": "They call me ",
        "userDefined": false
      },
      {
        "text": "Richard",
        "alias": "person",
        "meta": "@sys.person",
        "userDefined": false
      },
      {
        "text": ".",
        "userDefined": false
      }
    ],
    "isTemplate": false,
    "count": 0,
    "updated": 0
  },
  {
    "id": "3fb04d85-0931-4599-a545-5eb4b0ad00db",
    "data": [
      {
        "text": "My name is ",
        "userDefined": false
      },
      {
        "text": "John",
        "alias": "person",
        "meta": "@sys.person",
        "userDefined": false
      },
      {
        "text": ".",
        "userDefined": false
      }
    ],
    "isTemplate": false,
    "count": 0,
    "updated": 0
  },
  {
    "id": "5c5eb91e-e20f-4b06-bb21-4e2844796106",
    "data": [
      {
        "text": "I\u0027m ",
        "userDefined": false
      },
      {
        "text": "Dave",
        "alias": "person",
        "meta": "@sys.person",
        "userDefined": false
      },
      {
        "text": ".",
        "userDefined": false
      }
    ],
    "isTemplate": false,
    "count": 0,
    "updated": 0
  }
]