[
  {
    "id": "fea2c53f-3f7c-4d31-a026-e8db0485d550",
    "data": [
      {
        "text": "more results",
        "userDefined": false
      }
    ],
    "isTemplate": false,
    "count": 0,
    "updated": 0
  },
  {
    "id": "c56f8564-5b6d-48c3-9cb2-71aa451edf2a",
    "data": [
      {
        "text": "show me more",
        "userDefined": false
      }
    ],
    "isTemplate": false,
    "count": 0,
    "updated": 0
  },
  {
    "id": "28de00d1-5397-4a3b-bc20-6b15f0a216d6",
    "data": [
      {
        "text": "tell me more",
        "userDefined": false
      }
    ],
    "isTemplate": false,
    "count": 0,
    "updated": 0
  },
  {
    "id": "4227f6b1-1ec8-450b-b794-711acdd81f53",
    "data": [
      {
        "text": "more information",
        "userDefined": false
      }
    ],
    "isTemplate": false,
    "count": 0,
    "updated": 0
  },
  {
    "id": "55832725-20da-47e9-888a-382999e226b5",
    "data": [
      {
        "text": "other results",
        "userDefined": false
      }
    ],
    "isTemplate": false,
    "count": 0,
    "updated": 0
  },
  {
    "id": "3c509894-0025-4f84-a194-fabe6e9a4a52",
    "data": [
      {
        "text": "are there more",
        "userDefined": false
      }
    ],
    "isTemplate": false,
    "count": 0,
    "updated": 0
  },
  {
    "id": "47eef8a7-5853-4908-a933-a42c730174e0",
    "data": [
      {
        "text": "anything else",
        "userDefined": false
      }
    ],
    "isTemplate": false,
    "count": 0,
    "updated": 0
  },
  {
    "id": "0dbfd6eb-7a11-4483-9c93-5c27974c42fa",
    "data": [
      {
        "text": "what else",
        "userDefined": false
      }
    ],
    "isTemplate": false,
    "count": 0,
    "updated": 0
  },
  {
    "id": "936f38da-1488-4449-8a4d-ee3ff5bdd974",
    "data": [
      {
        "text": "more",
        "userDefined": false
      }
    ],
    "isTemplate": false,
    "count": 0,
    "updated": 0
  }
]