[
  {
    "id": "317faba9-e33d-4874-b9cb-35668fe91064",
    "data": [
      {
        "text": "more results",
        "userDefined": false
      }
    ],
    "isTemplate": false,
    "count": 0,
    "updated": 0
  },
  {
    "id": "1b21da2b-41b5-45ec-8480-db3d7b5ef4bc",
    "data": [
      {
        "text": "show me more",
        "userDefined": false
      }
    ],
    "isTemplate": false,
    "count": 0,
    "updated": 0
  },
  {
    "id": "719ec324-ef4a-457f-b8ad-6d631d0bfe30",
    "data": [
      {
        "text": "tell me more",
        "userDefined": false
      }
    ],
    "isTemplate": false,
    "count": 0,
    "updated": 0
  },
  {
    "id": "7f04855a-4af7-4665-896c-63ed82d0bb91",
    "data": [
      {
        "text": "more information",
        "userDefined": false
      }
    ],
    "isTemplate": false,
    "count": 0,
    "updated": 0
  },
  {
    "id": "713d256c-0901-45c9-baff-f106a74b9e43",
    "data": [
      {
        "text": "other results",
        "userDefined": false
      }
    ],
    "isTemplate": false,
    "count": 0,
    "updated": 0
  },
  {
    "id": "65e45111-9535-4462-83c4-6f54f2f37248",
    "data": [
      {
        "text": "are there more",
        "userDefined": false
      }
    ],
    "isTemplate": false,
    "count": 0,
    "updated": 0
  },
  {
    "id": "188a7bad-8e93-48df-bdee-4f16793d34b9",
    "data": [
      {
        "text": "anything else",
        "userDefined": false
      }
    ],
    "isTemplate": false,
    "count": 0,
    "updated": 0
  },
  {
    "id": "ee1eadcc-50d9-42fe-9be4-84e828740e8e",
    "data": [
      {
        "text": "what else",
        "userDefined": false
      }
    ],
    "isTemplate": false,
    "count": 0,
    "updated": 0
  },
  {
    "id": "51ea2e0b-bc05-4657-ae8b-6959083b0c88",
    "data": [
      {
        "text": "more",
        "userDefined": false
      }
    ],
    "isTemplate": false,
    "count": 0,
    "updated": 0
  }
]