[
  {
    "id": "014bd312-c048-4541-94bb-4c4d5866efed",
    "data": [
      {
        "text": "What else can you do?",
        "userDefined": false
      }
    ],
    "isTemplate": false,
    "count": 0,
    "updated": 0
  },
  {
    "id": "ad1ac15e-2f5c-43f1-884b-6b24555b52a5",
    "data": [
      {
        "text": "What\u0027s your name?",
        "userDefined": false
      }
    ],
    "isTemplate": false,
    "count": 0,
    "updated": 0
  },
  {
    "id": "49c0baa9-66d4-4879-b926-56f74f695aad",
    "data": [
      {
        "text": "What should I call you?",
        "userDefined": false
      }
    ],
    "isTemplate": false,
    "count": 0,
    "updated": 0
  },
  {
    "id": "fe0724ed-ab22-433b-97a4-7296af0718d0",
    "data": [
      {
        "text": "Tell me about yourself.",
        "userDefined": false
      }
    ],
    "isTemplate": false,
    "count": 0,
    "updated": 0
  },
  {
    "id": "58ac776e-55cb-4e80-9eb3-7a828c71599b",
    "data": [
      {
        "text": "What are you?",
        "userDefined": false
      }
    ],
    "isTemplate": false,
    "count": 0,
    "updated": 0
  },
  {
    "id": "bf7774b0-70d2-4415-9314-fc084e12dabf",
    "data": [
      {
        "text": "Who are you?",
        "userDefined": false
      }
    ],
    "isTemplate": false,
    "count": 0,
    "updated": 0
  },
  {
    "id": "d7e13d01-5861-4711-80fa-91fed3ed4db6",
    "data": [
      {
        "text": "What are you capable of?",
        "userDefined": false
      }
    ],
    "isTemplate": false,
    "count": 0,
    "updated": 0
  },
  {
    "id": "91158361-8a04-4327-b2d1-dbfe918e0c6f",
    "data": [
      {
        "text": "What are your functionalities?",
        "userDefined": false
      }
    ],
    "isTemplate": false,
    "count": 0,
    "updated": 0
  },
  {
    "id": "b02877ad-d440-423b-99af-a19a2641b393",
    "data": [
      {
        "text": "What can you do?",
        "userDefined": false
      }
    ],
    "isTemplate": false,
    "count": 0,
    "updated": 0
  }
]