[
  {
    "id": "005ba0c1-e1ce-4c96-8a9f-ba6c9ea3df05",
    "data": [
      {
        "text": "You are terrible at this",
        "userDefined": false
      }
    ],
    "isTemplate": false,
    "count": 0,
    "updated": 0
  },
  {
    "id": "f2243242-87fd-4eee-b446-ee2fd00de919",
    "data": [
      {
        "text": "Worst chatbot ever",
        "userDefined": false
      }
    ],
    "isTemplate": false,
    "count": 0,
    "updated": 0
  },
  {
    "id": "15660b18-168f-4428-9833-716dee13be8e",
    "data": [
      {
        "text": "Stupid app",
        "userDefined": false
      }
    ],
    "isTemplate": false,
    "count": 0,
    "updated": 0
  },
  {
    "id": "9cc6113c-f1c8-4328-ab7e-852761ff7064",
    "data": [
      {
        "text": "You\u0027re bad at this",
        "userDefined": false
      }
    ],
    "isTemplate": false,
    "count": 0,
    "updated": 0
  },
  {
    "id": "da276338-9244-4d4f-9992-2e27c92d366e",
    "data": [
      {
        "text": "Stop cutting me off",
        "userDefined": false
      }
    ],
    "isTemplate": false,
    "count": 0,
    "updated": 0
  },
  {
    "id": "56edb0e9-b4a1-4dad-b44c-26f4f8a9190a",
    "data": [
      {
        "text": "Stop interrupting me",
        "userDefined": false
      }
    ],
    "isTemplate": false,
    "count": 0,
    "updated": 0
  },
  {
    "id": "716e7012-6236-4bc8-95d0-8aee8182d72b",
    "data": [
      {
        "text": "Listen to me",
        "userDefined": false
      }
    ],
    "isTemplate": false,
    "count": 0,
    "updated": 0
  },
  {
    "id": "92ccc2b6-ac48-4010-bcb5-d0606505cfa9",
    "data": [
      {
        "text": "Why won\u0027t you listen",
        "userDefined": false
      }
    ],
    "isTemplate": false,
    "count": 0,
    "updated": 0
  },
  {
    "id": "2442cf62-d11d-404e-9478-bdd37575c5e1",
    "data": [
      {
        "text": "Pay attention",
        "userDefined": false
      }
    ],
    "isTemplate": false,
    "count": 0,
    "updated": 0
  },
  {
    "id": "af1c0e8b-09ba-4071-9703-1ed2aa458fa3",
    "data": [
      {
        "text": "For fuck\u0027s sake",
        "userDefined": false
      }
    ],
    "isTemplate": false,
    "count": 0,
    "updated": 0
  },
  {
    "id": "0c1c942c-46dd-4bc9-a26d-11c7d2bf30ed",
    "data": [
      {
        "text": "Try harder",
        "userDefined": false
      }
    ],
    "isTemplate": false,
    "count": 0,
    "updated": 0
  },
  {
    "id": "ff54f73e-0ee7-43a3-b1eb-99e1c9a5cf90",
    "data": [
      {
        "text": "Shut up",
        "userDefined": false
      }
    ],
    "isTemplate": false,
    "count": 0,
    "updated": 0
  },
  {
    "id": "471e0fa8-f500-418c-a79f-77adb216b414",
    "data": [
      {
        "text": "Sod off",
        "userDefined": false
      }
    ],
    "isTemplate": false,
    "count": 0,
    "updated": 0
  },
  {
    "id": "e5f50c1c-d335-4c94-911c-f4fcbe390dc5",
    "data": [
      {
        "text": "Go fuck yourself",
        "userDefined": false
      }
    ],
    "isTemplate": false,
    "count": 0,
    "updated": 0
  },
  {
    "id": "c82b68c6-1c71-4325-9cd1-10131474fc58",
    "data": [
      {
        "text": "Piss off",
        "userDefined": false
      }
    ],
    "isTemplate": false,
    "count": 0,
    "updated": 0
  },
  {
    "id": "2367918a-dce1-436a-8a3b-df1360bec651",
    "data": [
      {
        "text": "Fuck off",
        "userDefined": false
      }
    ],
    "isTemplate": false,
    "count": 0,
    "updated": 0
  },
  {
    "id": "35cefa25-26e0-41aa-9caf-1b308c93d126",
    "data": [
      {
        "text": "Fuck you",
        "userDefined": false
      }
    ],
    "isTemplate": false,
    "count": 0,
    "updated": 0
  }
]