[
  {
    "id": "427b6281-a54b-4a10-873e-8b56cfd0b787",
    "data": [
      {
        "text": "Okay?",
        "userDefined": false
      }
    ],
    "isTemplate": false,
    "count": 0,
    "updated": 0
  },
  {
    "id": "b66f2554-2e6d-4d8e-960d-d0e9c509169e",
    "data": [
      {
        "text": "Thanks. Nice to meet you too.",
        "userDefined": false
      }
    ],
    "isTemplate": false,
    "count": 0,
    "updated": 0
  },
  {
    "id": "c9228bc9-257a-450a-99db-cd716ea82a0c",
    "data": [
      {
        "text": "Nice to meet you.",
        "userDefined": false
      }
    ],
    "isTemplate": false,
    "count": 0,
    "updated": 0
  },
  {
    "id": "a37404e6-cefa-4ea9-95cd-42ed10f25a86",
    "data": [
      {
        "text": "exit",
        "userDefined": false
      }
    ],
    "isTemplate": false,
    "count": 1,
    "updated": 0
  },
  {
    "id": "5de0c529-bf0f-4dae-aad4-dbfb4141d616",
    "data": [
      {
        "text": "cancel",
        "userDefined": false
      }
    ],
    "isTemplate": false,
    "count": 0,
    "updated": 0
  },
  {
    "id": "998b89af-e5bc-4734-907a-76b3aa0932cf",
    "data": [
      {
        "text": "How are you doing",
        "userDefined": false
      }
    ],
    "isTemplate": false,
    "count": 0,
    "updated": 0
  }
]