[
  {
    "id": "33e01529-de6c-4b18-b029-f2db588a7c39",
    "data": [
      {
        "text": "Repeat the following: ",
        "userDefined": false
      },
      {
        "text": "\"There he is! It\u0027s John Cena! He does exist!\"",
        "alias": "any",
        "meta": "@sys.any",
        "userDefined": true
      }
    ],
    "isTemplate": false,
    "count": 0,
    "updated": 0
  },
  {
    "id": "11e86952-3ebb-43e7-8cf1-cbc9aef05f24",
    "data": [
      {
        "text": "Repeat: ",
        "userDefined": false
      },
      {
        "text": "\"Lorem ipsup thinks I was walking down the stairs. Up the corridor. Left we go.\"",
        "alias": "any",
        "meta": "@sys.any",
        "userDefined": true
      }
    ],
    "isTemplate": false,
    "count": 0,
    "updated": 0
  },
  {
    "id": "24a7083a-bfaf-4413-a0b2-56a53d468159",
    "data": [
      {
        "text": "Repeat this: ",
        "userDefined": false
      },
      {
        "text": "Flup flup wup up zup zup dup Wup dup dup.",
        "alias": "any",
        "meta": "@sys.any",
        "userDefined": true
      }
    ],
    "isTemplate": false,
    "count": 0,
    "updated": 0
  },
  {
    "id": "6a1b9690-1ca9-4f6c-815d-9cfaeac42b3f",
    "data": [
      {
        "text": "Repeat this, ",
        "userDefined": false
      },
      {
        "text": "\"Zoom zoom Vroom woom doom loop\"",
        "alias": "any",
        "meta": "@sys.any",
        "userDefined": true
      }
    ],
    "isTemplate": false,
    "count": 0,
    "updated": 0
  },
  {
    "id": "d139f2cf-681d-45e3-bf03-2526c06ea374",
    "data": [
      {
        "text": "Repeat after me: ",
        "userDefined": false
      },
      {
        "text": "\"Shoeptiedoop tiedooptiedoop\"",
        "alias": "any",
        "meta": "@sys.any",
        "userDefined": true
      }
    ],
    "isTemplate": false,
    "count": 0,
    "updated": 0
  },
  {
    "id": "f45d0bd0-7fe9-4f2e-ba8a-d9470563208e",
    "data": [
      {
        "text": "Repeat after me: ",
        "userDefined": false
      },
      {
        "text": "Shoe shoe shoelace",
        "alias": "any",
        "meta": "@sys.any",
        "userDefined": true
      }
    ],
    "isTemplate": false,
    "count": 0,
    "updated": 0
  },
  {
    "id": "01536eb2-e0af-4eb9-bf28-40dc5fed5ca6",
    "data": [
      {
        "text": "Repeat: ",
        "userDefined": false
      },
      {
        "text": "Flooptiedooptiedoop",
        "alias": "any",
        "meta": "@sys.any",
        "userDefined": true
      }
    ],
    "isTemplate": false,
    "count": 0,
    "updated": 0
  }
]