[
  {
    "id": "a0a128ae-95d1-456f-a18b-d303ababe647",
    "data": [
      {
        "text": "Tell me something new.",
        "userDefined": false
      }
    ],
    "isTemplate": false,
    "count": 0,
    "updated": 0
  },
  {
    "id": "1e0bdb85-c6ec-4605-bc9a-1967ce327ab1",
    "data": [
      {
        "text": "Tell me a random fact.",
        "userDefined": false
      }
    ],
    "isTemplate": false,
    "count": 0,
    "updated": 0
  },
  {
    "id": "90c29395-3a2b-49ea-8885-07123d7d95d3",
    "data": [
      {
        "text": "Tell me something random.",
        "userDefined": false
      }
    ],
    "isTemplate": false,
    "count": 0,
    "updated": 0
  },
  {
    "id": "c18cd09b-838e-48f0-aef6-33d4805f656b",
    "data": [
      {
        "text": "Say something random.",
        "userDefined": false
      }
    ],
    "isTemplate": false,
    "count": 0,
    "updated": 0
  },
  {
    "id": "ec0ff060-1e6e-442f-8f63-0c647cc6c775",
    "data": [
      {
        "text": "Tell me something interesting.",
        "userDefined": false
      }
    ],
    "isTemplate": false,
    "count": 0,
    "updated": 0
  },
  {
    "id": "ad781b21-b803-40e4-af16-7fdfba362d83",
    "data": [
      {
        "text": "Say something interesting.",
        "userDefined": false
      }
    ],
    "isTemplate": false,
    "count": 0,
    "updated": 0
  }
]