[
  {
    "id": "7e18bf85-d67c-4376-8fd4-6487917b566e",
    "data": [
      {
        "text": "Say something hilarious.",
        "userDefined": false
      }
    ],
    "isTemplate": false,
    "count": 0,
    "updated": 0
  },
  {
    "id": "70400096-e0df-42a1-829e-9f932e6ec9e1",
    "data": [
      {
        "text": "What\u0027s your favorite joke?",
        "userDefined": false
      }
    ],
    "isTemplate": false,
    "count": 0,
    "updated": 0
  },
  {
    "id": "5fc05bbc-0fc9-4349-bd0e-8600a234b1f2",
    "data": [
      {
        "text": "Do you know a good joke?",
        "userDefined": false
      }
    ],
    "isTemplate": false,
    "count": 0,
    "updated": 0
  },
  {
    "id": "66e06857-5b48-4bd2-85f5-b9c1caad8e97",
    "data": [
      {
        "text": "Do you know any jokes?",
        "userDefined": false
      }
    ],
    "isTemplate": false,
    "count": 0,
    "updated": 0
  },
  {
    "id": "84e8a9e7-25f5-4dee-b91c-b80e0331236b",
    "data": [
      {
        "text": "Know any jokes?",
        "userDefined": false
      }
    ],
    "isTemplate": false,
    "count": 0,
    "updated": 0
  },
  {
    "id": "82f2c945-51b7-48d8-add8-ff71bf777d18",
    "data": [
      {
        "text": "Tell us a joke.",
        "userDefined": false
      }
    ],
    "isTemplate": false,
    "count": 0,
    "updated": 0
  },
  {
    "id": "e0937111-ed33-4ebb-b2cd-80660f482e95",
    "data": [
      {
        "text": "Say something funny.",
        "userDefined": false
      }
    ],
    "isTemplate": false,
    "count": 0,
    "updated": 0
  },
  {
    "id": "37fafe42-820e-4fc6-bd73-352fa70d87c2",
    "data": [
      {
        "text": "Tell me a joke.",
        "userDefined": false
      }
    ],
    "isTemplate": false,
    "count": 0,
    "updated": 0
  }
]