[
  {
    "id": "c49884ed-4005-489c-baa2-49c5cb09064e",
    "data": [
      {
        "text": "Anything else?",
        "userDefined": false
      }
    ],
    "isTemplate": false,
    "count": 0,
    "updated": 0
  },
  {
    "id": "085cd3af-efc1-4bee-87c7-d682e847d12e",
    "data": [
      {
        "text": "What other fact do you know?",
        "userDefined": false
      }
    ],
    "isTemplate": false,
    "count": 0,
    "updated": 0
  },
  {
    "id": "3fc8c9d9-488c-4b14-aab8-98f9c5b92a1e",
    "data": [
      {
        "text": "What else you got?",
        "userDefined": false
      }
    ],
    "isTemplate": false,
    "count": 0,
    "updated": 0
  },
  {
    "id": "23504d04-15c6-4086-9baf-41ed8379322e",
    "data": [
      {
        "text": "What else?",
        "userDefined": false
      }
    ],
    "isTemplate": false,
    "count": 0,
    "updated": 0
  },
  {
    "id": "2baeab53-14ea-4c5f-9ee8-64137cd8e7b8",
    "data": [
      {
        "text": "Tell me another one.",
        "userDefined": false
      }
    ],
    "isTemplate": false,
    "count": 0,
    "updated": 0
  },
  {
    "id": "90314ab3-fb7f-45a3-b6f5-5695a2dcc203",
    "data": [
      {
        "text": "Another one.",
        "userDefined": false
      }
    ],
    "isTemplate": false,
    "count": 0,
    "updated": 0
  },
  {
    "id": "0c5d9631-8573-40a2-b2da-7af1a9b54a9b",
    "data": [
      {
        "text": "Another fact.",
        "userDefined": false
      }
    ],
    "isTemplate": false,
    "count": 0,
    "updated": 0
  },
  {
    "id": "a0a128ae-95d1-456f-a18b-d303ababe647",
    "data": [
      {
        "text": "Tell me something new.",
        "userDefined": false
      }
    ],
    "isTemplate": false,
    "count": 0,
    "updated": 0
  },
  {
    "id": "1e0bdb85-c6ec-4605-bc9a-1967ce327ab1",
    "data": [
      {
        "text": "Tell me a random fact.",
        "userDefined": false
      }
    ],
    "isTemplate": false,
    "count": 0,
    "updated": 0
  },
  {
    "id": "90c29395-3a2b-49ea-8885-07123d7d95d3",
    "data": [
      {
        "text": "Tell me something random.",
        "userDefined": false
      }
    ],
    "isTemplate": false,
    "count": 0,
    "updated": 0
  },
  {
    "id": "c18cd09b-838e-48f0-aef6-33d4805f656b",
    "data": [
      {
        "text": "Say something random.",
        "userDefined": false
      }
    ],
    "isTemplate": false,
    "count": 0,
    "updated": 0
  },
  {
    "id": "ec0ff060-1e6e-442f-8f63-0c647cc6c775",
    "data": [
      {
        "text": "Tell me something interesting.",
        "userDefined": false
      }
    ],
    "isTemplate": false,
    "count": 0,
    "updated": 0
  },
  {
    "id": "ad781b21-b803-40e4-af16-7fdfba362d83",
    "data": [
      {
        "text": "Say something interesting.",
        "userDefined": false
      }
    ],
    "isTemplate": false,
    "count": 0,
    "updated": 0
  }
]