[
  {
    "id": "5de51eb8-2b60-4fdb-934f-f6a86178d4eb",
    "data": [
      {
        "text": "Any better ones?",
        "userDefined": false
      }
    ],
    "isTemplate": false,
    "count": 0,
    "updated": 0
  },
  {
    "id": "f59090f6-18ab-4c3c-8310-2f38444b6072",
    "data": [
      {
        "text": "Anything else?",
        "userDefined": false
      }
    ],
    "isTemplate": false,
    "count": 0,
    "updated": 0
  },
  {
    "id": "7d61965f-dd95-4dd0-8c8c-5087c125088d",
    "data": [
      {
        "text": "Another.",
        "userDefined": false
      }
    ],
    "isTemplate": false,
    "count": 0,
    "updated": 0
  },
  {
    "id": "93365c66-086b-4009-9a65-df0c38fdd4f3",
    "data": [
      {
        "text": "Another one.",
        "userDefined": false
      }
    ],
    "isTemplate": false,
    "count": 0,
    "updated": 0
  },
  {
    "id": "b51ede36-aba0-49f8-b86a-b0a4b65293a0",
    "data": [
      {
        "text": "What else you got?",
        "userDefined": false
      }
    ],
    "isTemplate": false,
    "count": 0,
    "updated": 0
  },
  {
    "id": "f82de9e5-244d-48ed-9218-d27d0268b7bb",
    "data": [
      {
        "text": "Tell me another joke.",
        "userDefined": false
      }
    ],
    "isTemplate": false,
    "count": 0,
    "updated": 0
  },
  {
    "id": "7e18bf85-d67c-4376-8fd4-6487917b566e",
    "data": [
      {
        "text": "Say something hilarious.",
        "userDefined": false
      }
    ],
    "isTemplate": false,
    "count": 0,
    "updated": 0
  },
  {
    "id": "70400096-e0df-42a1-829e-9f932e6ec9e1",
    "data": [
      {
        "text": "What\u0027s your favorite joke?",
        "userDefined": false
      }
    ],
    "isTemplate": false,
    "count": 0,
    "updated": 0
  },
  {
    "id": "5fc05bbc-0fc9-4349-bd0e-8600a234b1f2",
    "data": [
      {
        "text": "Do you know a good joke?",
        "userDefined": false
      }
    ],
    "isTemplate": false,
    "count": 0,
    "updated": 0
  },
  {
    "id": "66e06857-5b48-4bd2-85f5-b9c1caad8e97",
    "data": [
      {
        "text": "Do you know any jokes?",
        "userDefined": false
      }
    ],
    "isTemplate": false,
    "count": 0,
    "updated": 0
  },
  {
    "id": "84e8a9e7-25f5-4dee-b91c-b80e0331236b",
    "data": [
      {
        "text": "Know any jokes?",
        "userDefined": false
      }
    ],
    "isTemplate": false,
    "count": 0,
    "updated": 0
  },
  {
    "id": "82f2c945-51b7-48d8-add8-ff71bf777d18",
    "data": [
      {
        "text": "Tell us a joke.",
        "userDefined": false
      }
    ],
    "isTemplate": false,
    "count": 0,
    "updated": 0
  },
  {
    "id": "e0937111-ed33-4ebb-b2cd-80660f482e95",
    "data": [
      {
        "text": "Say something funny.",
        "userDefined": false
      }
    ],
    "isTemplate": false,
    "count": 0,
    "updated": 0
  },
  {
    "id": "37fafe42-820e-4fc6-bd73-352fa70d87c2",
    "data": [
      {
        "text": "Tell me a joke.",
        "userDefined": false
      }
    ],
    "isTemplate": false,
    "count": 0,
    "updated": 0
  }
]