[
  {
    "id": "ffcd9f82-f73e-4b4a-8fef-32fbe0c19460",
    "data": [
      {
        "text": "Tell me the weather",
        "userDefined": false
      }
    ],
    "isTemplate": false,
    "count": 0,
    "updated": 0
  },
  {
    "id": "7311b7fd-c64b-4cca-97c4-620b57cd6455",
    "data": [
      {
        "text": "What\u0027s the weather ",
        "userDefined": false
      },
      {
        "text": "today",
        "meta": "@sys.ignore",
        "userDefined": false
      },
      {
        "text": "?",
        "userDefined": false
      }
    ],
    "isTemplate": false,
    "count": 0,
    "updated": 0
  },
  {
    "id": "15bc58ca-21ec-498e-bce3-cfd3df93b4a8",
    "data": [
      {
        "text": "How\u0027s the weather?",
        "userDefined": false
      }
    ],
    "isTemplate": false,
    "count": 0,
    "updated": 0
  },
  {
    "id": "c81cef60-6c32-482e-855e-f950baa0e14d",
    "data": [
      {
        "text": "What\u0027s the weather like?",
        "userDefined": false
      }
    ],
    "isTemplate": false,
    "count": 0,
    "updated": 0
  }
]